{"cameraMode":{"drawMode":0,"name":"Shaded","section":"Shading Mode"},"sceneLighting":false,"audioPlay":false,"sceneViewState":{"m_AlwaysRefresh":false,"showFog":true,"showSkybox":false,"showFlares":true,"showImageEffects":true,"showParticleSystems":true,"showVisualEffectGraphs":true,"m_FxEnabled":true},"in2DMode":false,"pivot":{"x":46.135711669921878,"y":6.78865385055542,"z":-121.0515365600586},"rotation":{"x":0.09271117299795151,"y":-0.057615090161561969,"z":0.005375358741730452,"w":0.9940142035484314},"size":2.4247448444366457,"orthographic":false}