{"cameraMode":{"drawMode":0,"name":"Shaded","section":"Shading Mode"},"sceneLighting":true,"audioPlay":false,"sceneViewState":{"m_AlwaysRefresh":false,"showFog":true,"showSkybox":true,"showFlares":true,"showImageEffects":true,"showParticleSystems":true,"showVisualEffectGraphs":true,"m_FxEnabled":true},"in2DMode":false,"pivot":{"x":41.941890716552737,"y":90.6584243774414,"z":-81.23358154296875},"rotation":{"x":0.5497239232063294,"y":0.010844430886209011,"z":-0.007180171553045511,"w":0.8354061841964722},"size":4.533974647521973,"orthographic":false}