{"cameraMode":{"drawMode":0,"name":"Shaded","section":"Shading Mode"},"sceneLighting":true,"audioPlay":false,"sceneViewState":{"m_AlwaysRefresh":false,"showFog":true,"showSkybox":true,"showFlares":true,"showImageEffects":true,"showParticleSystems":true,"showVisualEffectGraphs":true,"m_FxEnabled":true},"in2DMode":false,"pivot":{"x":35.758323669433597,"y":4.21475076675415,"z":-61.896297454833987},"rotation":{"x":0.48947882652282717,"y":-0.007846660912036896,"z":0.004407492000609636,"w":0.8719982504844666},"size":6.397015571594238,"orthographic":false}